,StarTag,RA,DEC,raw_x,raw_y,Bmag,Vmag,Unnamed: 0,id,xcentroid,ycentroid,sharpness,roundness1,roundness2,npix,sky,peak,flux,mag
1098,RightTop,13:41:45.9732,28:27:16.700,2113.06,1930.32,11.0,9.8,1098,1099,2110.639166271382,1929.3903033544884,0.3756280621192985,-0.0219366992767351,-0.0202764572191466,25,0.0,44758.93122572798,61.1790568693614,-4.466506944142522
1785,LeftBottom,13:42:43.7230,28:15:53.329,879.56,817.4,12.857,12.772,291,292,877.8601015974639,817.2736215269953,0.4076050533695427,-0.0287988232714443,0.0248474461395881,25,0.0,3114.325626199811,4.4314372877255295,-1.61636151922019
3161,RightBottom,13:41:35.465,28:12:11.848,2345.84,460.32,12.147,11.501,173,174,2345.514746898675,459.3780789741632,0.3734156925881398,-0.0946323406220105,-0.2317495501748833,25,0.0,10024.730707433368,15.129853934941574,-2.949586838307293
5737,LeftTop,13:42:28.5595,28:31:58.361,1198.76,2383.96,11.0,10.4,1255,1256,1197.206875355029,2383.826130409452,0.3934084422253697,-0.0532349337957074,-0.0405976399405302,25,0.0,23777.80467396905,35.159812451286875,-3.86511637450914
6502,Center,13:42:12.1238,28:21:21.825,1554.07,1351.17,12.14,22.579,526,527,1553.289848152874,1349.0110269232566,0.3697716658031622,0.0961343801609364,0.2882982200869928,25,0.0,2981.1459388876497,4.247377528498083,-1.570302162517038
